n_cells	l2_error
8.0	0.008205677619262039
16.0	0.002040283038007708
32.0	0.0005096409577920485
64.0	0.0001273834940458969
