,n_cells	l2_error
0,8.0	0.00019654694946472516
1,16.0	2.522332391083051e-05
2,32.0	3.192985308557627e-06
3,64.0	4.0160393722597985e-07
